1,hello
2,hello
3,hello
4,hello
45,hello
55,hello
60,hello
61,hello
62,hello
71,hello
79,hello
80,hello
81,hello
91,hello
96,hello
101,hello
106,hello
111,hello
114,hello
115,hello
116,hello
120,hello
121,hello
122,hello
123,hello
137,hello
160,hello
168,hello
190,hello
191,hello
201,hello
202,hello
234,hello
235,hello
236,hello
245,hello
246,hello
247,hello
248,hello
257,hello
258,hello
259,hello
268,hello
269,hello
274,hello
275,hello
276,hello
277,hello
278,hello
279,hello
280,hello
281,hello
282,hello
283,hello
287,hello
289,hello
290,hello
292,hello
294,hello
295,hello
296,hello
297,hello
298,hello
299,hello
300,hello
301,hello
302,hello
303,hello
305,hello
306,hello
307,hello
311,hello
313,hello
315,hello
316,hello
317,hello
318,hello
319,hello
320,hello
321,hello
322,hello
323,hello
328,hello
324,hello
329,hello
330,hello
331,hello
332,hello
333,hello
334,hello
335,hello
336,hello
337,hello
338,hello
342,hello
343,hello
344,hello
346,hello
347,hello
348,hello
349,hello
350,hello
354,hello
355,hello
356,hello
357,hello
358,hello
359,hello
360,hello
361,hello
362,hello
363,hello
364,hello
368,hello
369,hello
370,hello
371,hello
373,hello
372,hello
374,hello
375,hello
376,hello
380,hello
381,hello
382,hello
383,hello
384,hello
385,hello
386,hello
387,hello
388,hello
392,hello
393,hello
394,hello
395,hello
396,hello
397,hello
398,hello
399,hello
400,hello
401,hello
402,hello
406,hello
407,hello
408,hello
409,hello
410,hello
411,hello
412,hello
413,hello
414,hello
415,hello
416,hello
420,hello
421,hello
422,hello
423,hello
424,hello
425,hello
426,hello
427,hello
428,hello
429,hello
430,hello
434,hello
435,hello
436,hello
437,hello
438,hello
439,hello
440,hello
441,hello
442,hello
443,hello
444,hello
448,hello
449,hello
450,hello
451,hello
452,hello
453,hello
454,hello
455,hello
456,hello
457,hello
461,hello
462,hello
463,hello
464,hello
465,hello
466,hello
467,hello
468,hello
469,hello
470,hello
474,hello
475,hello
476,hello
477,hello
478,hello
479,hello
480,hello
482,hello
484,hello
485,hello
487,hello
488,hello
489,hello
490,hello
491,hello
492,hello
493,hello
494,hello
495,hello
496,hello
501,hello
500,hello
502,hello
503,hello
504,hello
505,hello
506,hello
507,hello
511,hello
512,hello
513,hello
514,hello
515,hello
516,hello
517,hello
518,hello
519,hello
520,hello
524,hello
525,hello
526,hello
527,hello
528,hello
529,hello
530,hello
531,hello
532,hello
533,hello
534,hello
538,hello
539,hello
540,hello
541,hello
542,hello
543,hello
544,hello
545,hello
546,hello
547,hello
548,hello
552,hello
553,hello
554,hello
555,hello
556,hello
557,hello
558,hello
559,hello
560,hello
561,hello
565,hello
566,hello
567,hello
568,hello
569,hello
570,hello
571,hello
572,hello
573,hello
574,hello
575,hello
579,hello
580,hello
581,hello
582,hello
583,hello
584,hello
585,hello
586,hello
587,hello
588,hello
589,hello
593,hello
594,hello
595,hello
596,hello
597,hello
598,hello
599,hello
600,hello
604,hello
605,hello
606,hello
607,hello
608,hello
609,hello
610,hello
611,hello
612,hello
613,hello
614,hello
618,hello
619,hello
620,hello
621,hello
622,hello
623,hello
624,hello
625,hello
626,hello
627,hello
628,hello
632,hello
633,hello
634,hello
636,hello
637,hello
639,hello
640,hello
642,hello
643,hello
644,hello
645,hello
646,hello
647,hello
648,hello
650,hello
651,hello
653,hello
654,hello
655,hello
656,hello
657,hello
658,hello
659,hello
660,hello
661,hello
662,hello
663,hello
667,hello
668,hello
669,hello
670,hello
671,hello
672,hello
673,hello
674,hello
675,hello
676,hello
677,hello
681,hello
682,hello
683,hello
684,hello
685,hello
686,hello
687,hello
688,hello
689,hello
690,hello
691,hello
695,hello
696,hello
697,hello
698,hello
699,hello
700,hello
701,hello
702,hello
703,hello
704,hello
708,hello
709,hello
710,hello
711,hello
712,hello
713,hello
714,hello
715,hello
716,hello
717,hello
718,hello
722,hello
723,hello
724,hello
725,hello
726,hello
727,hello
728,hello
729,hello
730,hello
734,hello
735,hello
736,hello
737,hello
738,hello
739,hello
740,hello
741,hello
742,hello
743,hello
747,hello
748,hello
749,hello
750,hello
751,hello
752,hello
753,hello
754,hello
755,hello
756,hello
760,hello
761,hello
762,hello
763,hello
764,hello
765,hello
766,hello
767,hello
768,hello
769,hello
773,hello
774,hello
775,hello
776,hello
777,hello
778,hello
779,hello
780,hello
781,hello
782,hello
783,hello
787,hello
788,hello
789,hello
790,hello
791,hello
792,hello
793,hello
794,hello
795,hello
796,hello
797,hello
801,hello
802,hello
803,hello
804,hello
805,hello
806,hello
807,hello
808,hello
809,hello
810,hello
811,hello
812,hello
816,hello
817,hello
818,hello
819,hello
820,hello
821,hello
823,hello
824,hello
825,hello
826,hello
827,hello
828,hello
829,hello
833,hello
834,hello
835,hello
836,hello
837,hello
838,hello
839,hello
840,hello
842,hello
843,hello
844,hello
845,hello
846,hello
847,hello
848,hello
849,hello
853,hello
854,hello
855,hello
856,hello
857,hello
858,hello
859,hello
860,hello
861,hello
862,hello
863,hello
864,hello
868,hello
869,hello
870,hello
871,hello
872,hello
873,hello
874,hello
875,hello
876,hello
877,hello
881,hello
882,hello
883,hello
884,hello
885,hello
886,hello
887,hello
888,hello
889,hello
893,hello
894,hello
895,hello
896,hello
897,hello
898,hello
899,hello
900,hello
901,hello
902,hello
907,hello
906,hello
908,hello
909,hello
910,hello
911,hello
912,hello
913,hello
914,hello
915,hello
916,hello
920,hello
921,hello
922,hello
923,hello
924,hello
925,hello
926,hello
927,hello
928,hello
929,hello
933,hello
934,hello
935,hello
936,hello
937,hello
938,hello
939,hello
940,hello
941,hello
942,hello
943,hello
947,hello
948,hello
949,hello
950,hello
951,hello
952,hello
953,hello
954,hello
955,hello
957,hello
956,hello
